<?xml version="1.0"?>
<map proto="1.3.3">
<name>Hallowool</name>
<version>Beta.Banana</version> 
<objective>Capture the wools located on the enemy side.</objective>
<authors>
	<author>SrGoku</author>
</authors>
<contributors>
	<contributor contribution="tester xabal">KevinMelara</contributor>
	<contributor contribution="tester :A">_THELMA_</contributor>
	<contributor contribution="teste e_e">Boticraft07</contributor>
	<contributor contribution="tester nuv">Jeizon_LZ</contributor>
	<contributor contribution="XML correcting">Captain_Elliott</contributor>
</contributors>
<teams>
	<team color="cyan" max="50">Cyan Tim</team>
	<team color="purple" max="50">Purple Tim</team>
</teams>
<spawns>
	<spawn team="cyan" kit="cyan" yaw="180">
		<cuboid min="-1,41,63" max="0,41,64"/>
	</spawn>
	<spawn team="purple" kit="purple" yaw="0">
		<cuboid min="-1,41,-65" max="0,41,-65"/>
	</spawn>
	<default yaw="90">
		<cuboid min="0,51,-1" max="-1,50,0"/>
	</default>
<spawns>
<kits>
	<kit name="spawn">
		<item slot="0">iron sword</item>
		<item slot="1" enchantment="arrow infinite:1">bow</item>
		<item slot="2" enchantment="durability:2;dig speed:2">diamond pickaxe</item>
		<item slot="3" amount="64">pumpkin pie</item>
		<item slot="6" amount="2">golden apple</item>
		<item slot="8">bucket</item>
		<item slot="28">arrow</item>
		<item slot="29" enchantment="durability:2;dig speed:2">iron axe</item>
		<helmet>jack o lantern</helmet>
		<potion duration="10" amplifier="4">damage resistance</potion>
	</kit>
	<kit name="cyan" parents="spawn">
		<chestplate color="cyan" enchantment="protection projectile:2">leather chestplate</chestplate>
		<item slot="4" amount="64" damage="9">stained clay</item>
		<item slot="5" amount="64" damage="9">stained glass</item>
		<item slot="7" amount="64" damage="1">log</item>
	</kit>
	<kit name="purple" parents="spawn">
		<chestplate color="purple" enchantment="protection projectile:2">leather chestplate</chestplate>
		<item slot="4" amount="64" damage="10">stained clay</item>
		<item slot="5" amount="64" damage="10">stained glass</item>
		<item slot="7" amount="64" damage="2">log</item>
	</kit>		
</kits>
<wools>
	<wools team="cyan">
		<wool color="light blue">
			<block>0,42,-58</block>
		</wool>
		<wool color="blue">
			<block>-1,42,-58</block>
		</wool>
	</wools>
	<wools team="purple">  
		<wool color="pink">
			<block>-1,42,57</block>
		</wool>
		<wool color="magenta">
			<block>0,42,57</block>
		</wool>
	</wools>
</wools>
<maxbuildheight>80</maxbuildheight>
<toolrepair>
	<tool>iron sword</tool>
	<tool>bow</tool>
	<tool>diamond pickaxe</tool>
	<tool>iron axe</tool>
</toolrepair>
<itemremove>
	<item>arrow</item>
	<item>pumpkin pie</item>
	<item>jack o lantern</item>
	<item>stained clay</item>
	<item>stained glass</item>
	<item>leather chestplate</item>
</itemremove>
<killreward>
	<filter>
		<kill-streak count="3"/>
	</filter>
	<item>golden apple</item>
</killreward>
<gamerules>
	<doDaylightCycle>false</doDaylightCycle>
</gamerules>
<difficulty>3</difficulty>
<multitrade/>
<filters>
	<filter name="only-purple">
		<team>purple</team>
	</filter>
	<filter name="only-cyan">
		<team>cyan</team>
	</filter>
	<filter name="no-spawner">
		<not>
			<block>spawner</block>
		</not>
	</filter>
</filters>
<regions>
	<union name="cyan-wool-rooms">
		<circle name="pink-room-1" center="-44,-113" radius="5"/>
		<circle name="pink-room-2" center="-44,-116" radius="5"/>
		<circle name="pink-room-3" center="-40,-116" radius="5"/>
		<circle name="pink-room.4" center="-40,-113" radius="5"/>
		<circle name="magenta-room-1" center="43,-113" radius="5"/>
		<circle name="magenta-room-2" center="43,-116" radius="5"/>
		<circle name="magenta-room-3" center="39,-116" radius="5"/>
		<circle name="magenta-room-4" center="39,-113" radius="5"/>
	</union>
	<union name="purple-wool-rooms">
		<circle name="light-blue-room-1" center="43,112" radius="5"/>
		<circle name="light-blue-room-2" center="43,115" radius="5"/>
		<circle name="light-blue-room-3" center="39,115" radius="5"/>
		<circle name="light-blue-room-4" center="39,112" radius="5"/>
		<circle name="green-room-1" center="-44,112" radius="5"/>
		<circle name="green-room-2" center="-44,115" radius="5"/>
		<circle name="green-room-3" center="-40,115" radius="5"/>
		<circle name="green-room-4" center="-44,112" radius="5"/>
	</union>
	<apply enter="only-cyan" block="only-cyan" message="You may not enter/modify your own wool room!">
		<region name="cyan-wool-rooms"/>
	</apply>
	<apply enter="only-purple" block="only-purple" message="You may not enter/modify your own wool room!">
		<region name="purple-wool-rooms"/>
	</apply>
	<apply block="deny-all" message="You may not break or place blocks in the void!">
		<negative>
			<union name="playable">
				<rectangle min="48,-1" max="-49,-108"/>
				<rectangle min="-34,-109" max="33,-120"/>
				<rectangle min="48,0" max="-49,107"/>
				<rectangle min="-34,108" max="33,119"/>
			</union>
		</negative>
	</apply>
	<apply enter="only-cyan" message="You may not enter the enemy base!">
		<cuboid min="14,50,71" max="-15,18,54"/>
	</apply>
	<apply enter="only-purple" message="You may not enter the enemy base!">
		<cuboid min="14,18,-54" max="-15,50,-72"/>
	</apply>
	<apply block="deny-all" message="You may not modify the spawns!">
		<cuboid min="14,50,71" max="-15,18,54"/>
		<cuboid min="14,18,-54" max="-15,50,-72"/>
	</apply>
	<apply block="deny-all" message="Don't enter the observers spawn area!">
		<cuboid min="-4,48,-4" max="3,52,3"/>
	</apply>	
	<apply block-place="deny-all" message="You may not break or place blocks in the void!">
		<rectangle min="6,86" max="-7,105"/>
	</apply>
	<apply block-place="deny-all" message="You may not break or place blocks in the void!">
		<rectangle min="6,-106" max="-7,-87"/>
	</apply>
</regions>
<renewables>
	<renewable rate="2.5" grow="true" particles="true" sound="true" avoid-entities="true">
		<region>
			<cuboid min="44,18,58" max="33,25,42"/>
			<cuboid min="19,18,58" max="30,25,42"/>
			<cuboid min="-31,18,58" max="-20,25,42"/>
			<cuboid min="-45,18,42" max="-34,25,58"/>
			<cuboid min="-45,25,-43" max="-34,-18,-59"/>
			<cuboid min="-31,18,-59" max="-20,25,-43"/>
			<cuboid min="30,18-59" max="19,25,-43"/>
			<cuboid min="33,18,59" max="44,25,-43"/>
		</region>
        <renew>iron block</renew>
		<replace>air</replace>
    </renewable>
</renewables>
</map>